pk_customer_unique_id,customercustomer_name,customer_address,customer_email,customer_phone
1,Name 1,Address 1,Email 1,Phone 1
2,Name 2,Address 2,Email 2,Phone 2
3,Name 3,Address 3,Email 3,Phone 3
4,Name 4,Address 4,Email 4,Phone 4
5,Name 5,Address 5,Email 5,Phone 5
6,Name 6,Address 6,Email 6,Phone 6
7,Name 7,Address 7,Email 7,Phone 7
8,Name 8,Address 8,Email 8,Phone 8
9,Name 9,Address 9,Email 9,Phone 9
10,Name 10,Address 10,Email 10,Phone 10
11,Name 11,Address 11,Email 11,Phone 11
12,Name 12,Address 12,Email 12,Phone 12
13,Name 13,Address 13,Email 13,Phone 13
14,Name 14,Address 14,Email 14,Phone 14
15,Name 15,Address 15,Email 15,Phone 15
16,Name 16,Address 16,Email 16,Phone 16
17,Name 17,Address 17,Email 17,Phone 17
18,Name 18,Address 18,Email 18,Phone 18
19,Name 19,Address 19,Email 19,Phone 19
20,Name 20,Address 20,Email 20,Phone 20
21,Name 21,Address 21,Email 21,Phone 21
22,Name 22,Address 22,Email 22,Phone 22
23,Name 23,Address 23,Email 23,Phone 23
24,Name 24,Address 24,Email 24,Phone 24
25,Name 25,Address 25,Email 25,Phone 25
26,Name 26,Address 26,Email 26,Phone 26
27,Name 27,Address 27,Email 27,Phone 27
28,Name 28,Address 28,Email 28,Phone 28
29,Name 29,Address 29,Email 29,Phone 29
30,Name 30,Address 30,Email 30,Phone 30
31,Name 31,Address 31,Email 31,Phone 31
32,Name 32,Address 32,Email 32,Phone 32
33,Name 33,Address 33,Email 33,Phone 33
34,Name 34,Address 34,Email 34,Phone 34
35,Name 35,Address 35,Email 35,Phone 35
36,Name 36,Address 36,Email 36,Phone 36
37,Name 37,Address 37,Email 37,Phone 37
38,Name 38,Address 38,Email 38,Phone 38
39,Name 39,Address 39,Email 39,Phone 39
40,Name 40,Address 40,Email 40,Phone 40
41,Name 41,Address 41,Email 41,Phone 41
42,Name 42,Address 42,Email 42,Phone 42
43,Name 43,Address 43,Email 43,Phone 43
44,Name 44,Address 44,Email 44,Phone 44
45,Name 45,Address 45,Email 45,Phone 45
46,Name 46,Address 46,Email 46,Phone 46
47,Name 47,Address 47,Email 47,Phone 47
48,Name 48,Address 48,Email 48,Phone 48
49,Name 49,Address 49,Email 49,Phone 49
50,Name 50,Address 50,Email 50,Phone 50